,filename,bits,construction_time,tree_time,contraction_time,total_time,solution_count,nodes,edges
0,11_bit_0.cnf,11,0.0011131763458251953,0.01976776123046875,0.012079238891601562,0.03296780586242676,2.0,11,39
1,11_bit_1.cnf,11,0.0014400482177734375,0.015982389450073242,0.013273000717163086,0.03072071075439453,24.0,11,36
2,11_bit_10.cnf,11,0.0009441375732421875,0.014516592025756836,0.009209394454956055,0.02467513084411621,14.0,11,41
3,11_bit_100.cnf,11,0.0011889934539794922,0.013103961944580078,0.010671854019165039,0.024970054626464844,8.0,11,38
4,11_bit_101.cnf,11,0.0014510154724121094,0.018087387084960938,0.013048648834228516,0.032593488693237305,7.0,11,41
5,11_bit_102.cnf,11,0.0014035701751708984,0.013937950134277344,0.008736610412597656,0.024088382720947266,21.0,11,28
6,11_bit_103.cnf,11,0.0009570121765136719,0.016997814178466797,0.007555723190307617,0.02551746368408203,53.0,11,24
7,11_bit_104.cnf,11,0.0020170211791992188,0.02182602882385254,0.013297080993652344,0.037149667739868164,70.0,11,22
8,11_bit_105.cnf,11,0.001730203628540039,0.018109798431396484,0.016615629196166992,0.036461830139160156,14.0,11,42
9,11_bit_106.cnf,11,0.0010843276977539062,0.01544332504272461,0.011087894439697266,0.027621984481811523,27.0,11,31
10,11_bit_107.cnf,11,0.0011734962463378906,0.014805316925048828,0.012072086334228516,0.028059720993041992,1.0,11,38
11,11_bit_108.cnf,11,0.0013666152954101562,0.020754575729370117,0.015278339385986328,0.03740715980529785,4.0,11,36
12,11_bit_109.cnf,11,0.001032114028930664,0.014631271362304688,0.013025283813476562,0.02869701385498047,32.0,11,40
13,11_bit_11.cnf,11,0.0016460418701171875,0.02617025375366211,0.010936498641967773,0.03875899314880371,90.0,11,24
14,11_bit_110.cnf,11,0.0013718605041503906,0.01924419403076172,0.013444662094116211,0.03406715393066406,10.0,11,43
15,11_bit_111.cnf,11,0.0008134841918945312,0.012514829635620117,0.006366252899169922,0.019702434539794922,35.0,11,26
16,11_bit_112.cnf,11,0.0010099411010742188,0.01364588737487793,0.015775680541992188,0.03043985366821289,4.0,11,39
17,11_bit_12.cnf,11,0.002387523651123047,0.02185845375061035,0.01343536376953125,0.03768777847290039,2.0,11,45
18,11_bit_13.cnf,11,0.0012803077697753906,0.0156857967376709,0.011862993240356445,0.02883768081665039,2.0,11,47
19,11_bit_14.cnf,11,0.0009210109710693359,0.013504981994628906,0.009622812271118164,0.02405381202697754,61.0,11,35
20,11_bit_15.cnf,11,0.0007741451263427734,0.013347387313842773,0.005192995071411133,0.019321680068969727,166.0,11,22
21,11_bit_16.cnf,11,0.0011658668518066406,0.01667046546936035,0.011370420455932617,0.029213428497314453,24.0,11,37
22,11_bit_17.cnf,11,0.0009744167327880859,0.02333545684814453,0.0068738460540771484,0.031192541122436523,24.0,11,30
23,11_bit_18.cnf,11,0.002262115478515625,0.014580011367797852,0.0120391845703125,0.028890371322631836,3.0,11,39
24,11_bit_19.cnf,11,0.0009005069732666016,0.014949560165405273,0.005837440490722656,0.021694183349609375,144.0,11,23
25,11_bit_2.cnf,11,0.0008716583251953125,0.013767719268798828,0.0064334869384765625,0.02108001708984375,100.0,11,23
26,11_bit_20.cnf,11,0.0016751289367675781,0.020350217819213867,0.015228986740112305,0.03726530075073242,47.0,11,32
27,11_bit_21.cnf,11,0.0014731884002685547,0.015533685684204102,0.0057675838470458984,0.02277970314025879,22.0,11,27
28,11_bit_22.cnf,11,0.0010600090026855469,0.014012813568115234,0.010015249252319336,0.025094270706176758,20.0,11,35
29,11_bit_23.cnf,11,0.0012388229370117188,0.013351678848266602,0.007994651794433594,0.022589683532714844,20.0,11,33
30,11_bit_24.cnf,11,0.001386404037475586,0.01567220687866211,0.009143590927124023,0.02620720863342285,9.0,11,43
31,11_bit_25.cnf,11,0.0008080005645751953,0.013925790786743164,0.004986763000488281,0.019725322723388672,224.0,11,24
32,11_bit_26.cnf,11,0.0012080669403076172,0.01427602767944336,0.013172388076782227,0.028665542602539062,40.0,11,39
33,11_bit_27.cnf,11,0.0010678768157958984,0.023100614547729492,0.01970219612121582,0.043908119201660156,1.0,11,47
34,11_bit_28.cnf,11,0.0006999969482421875,0.013667106628417969,0.007710456848144531,0.02208566665649414,86.0,11,26
35,11_bit_29.cnf,11,0.0015518665313720703,0.019315004348754883,0.017290830612182617,0.03816533088684082,31.0,11,39
36,11_bit_3.cnf,11,0.0012145042419433594,0.0160977840423584,0.009229183197021484,0.026547908782958984,40.0,11,31
37,11_bit_30.cnf,11,0.0016846656799316406,0.018589019775390625,0.013332605361938477,0.03361225128173828,17.0,11,37
38,11_bit_31.cnf,11,0.0009555816650390625,0.031964778900146484,0.008092403411865234,0.04102063179016113,108.0,11,25
39,11_bit_32.cnf,11,0.0015561580657958984,0.016973018646240234,0.012217283248901367,0.030752897262573242,21.0,11,35
40,11_bit_33.cnf,11,0.0014033317565917969,0.02170586585998535,0.010349035263061523,0.033464670181274414,6.0,11,37
41,11_bit_34.cnf,11,0.0010311603546142578,0.017349958419799805,0.009536981582641602,0.027924299240112305,70.0,11,25
42,11_bit_35.cnf,11,0.0019221305847167969,0.020198822021484375,0.014787673950195312,0.036914825439453125,5.0,11,44
43,11_bit_36.cnf,11,0.0013947486877441406,0.017085552215576172,0.012809038162231445,0.031295061111450195,54.0,11,33
44,11_bit_37.cnf,11,0.0017316341400146484,0.01794743537902832,0.013399839401245117,0.03309226036071777,14.0,11,33
45,11_bit_38.cnf,11,0.0014657974243164062,0.016036272048950195,0.012050867080688477,0.02955913543701172,12.0,11,44
46,11_bit_39.cnf,11,0.0014302730560302734,0.015802383422851562,0.014430761337280273,0.031672000885009766,4.0,11,40
47,11_bit_4.cnf,11,0.0020225048065185547,0.01956939697265625,0.017633438110351562,0.03923296928405762,1.0,11,46
48,11_bit_40.cnf,11,0.0013096332550048828,0.016936540603637695,0.012613058090209961,0.030866622924804688,74.0,11,30
49,11_bit_41.cnf,11,0.0017766952514648438,0.02423691749572754,0.01050877571105957,0.03653359413146973,33.0,11,29
50,11_bit_42.cnf,11,0.0014374256134033203,0.018987417221069336,0.0149078369140625,0.03533935546875,16.0,11,41
51,11_bit_43.cnf,11,0.0015766620635986328,0.020089387893676758,0.012717723846435547,0.03438878059387207,8.0,11,44
52,11_bit_44.cnf,11,0.001430511474609375,0.019867420196533203,0.011492252349853516,0.032796382904052734,28.0,11,30
53,11_bit_45.cnf,11,0.0016238689422607422,0.014606952667236328,0.010437726974487305,0.026674509048461914,13.0,11,38
54,11_bit_46.cnf,11,0.0013217926025390625,0.014878511428833008,0.00940847396850586,0.02561807632446289,26.0,11,30
55,11_bit_47.cnf,11,0.0010745525360107422,0.015957117080688477,0.012584924697875977,0.029624462127685547,54.0,11,25
56,11_bit_48.cnf,11,0.001844167709350586,0.020138263702392578,0.01692986488342285,0.038919925689697266,1.0,11,48
57,11_bit_49.cnf,11,0.0017573833465576172,0.02280735969543457,0.011580705642700195,0.03615260124206543,47.0,11,34
58,11_bit_5.cnf,11,0.0013241767883300781,0.01462101936340332,0.01712822914123535,0.0330805778503418,11.0,11,36
59,11_bit_50.cnf,11,0.0014955997467041016,0.020812511444091797,0.015467166900634766,0.037781715393066406,20.0,11,34
60,11_bit_51.cnf,11,0.0011973381042480469,0.029744863510131836,0.008790254592895508,0.03974151611328125,146.0,11,26
61,11_bit_52.cnf,11,0.0011432170867919922,0.0192873477935791,0.01247859001159668,0.03291583061218262,26.0,11,31
62,11_bit_53.cnf,11,0.0018482208251953125,0.019512653350830078,0.016057491302490234,0.03742384910583496,9.0,11,47
63,11_bit_54.cnf,11,0.0016922950744628906,0.01662445068359375,0.015174150466918945,0.03349709510803223,17.0,11,36
64,11_bit_55.cnf,11,0.0016922950744628906,0.018332242965698242,0.01273202896118164,0.03276538848876953,7.0,11,46
65,11_bit_56.cnf,11,0.0010030269622802734,0.013650894165039062,0.008472442626953125,0.023133039474487305,54.0,11,25
66,11_bit_57.cnf,11,0.0016207695007324219,0.019104957580566406,0.013571500778198242,0.03430509567260742,4.0,11,35
67,11_bit_58.cnf,11,0.001355886459350586,0.017175674438476562,0.010468721389770508,0.029009580612182617,40.0,11,29
68,11_bit_59.cnf,11,0.0014667510986328125,0.016884565353393555,0.01662302017211914,0.034979820251464844,24.0,11,35
69,11_bit_6.cnf,11,0.0015931129455566406,0.018455982208251953,0.012192964553833008,0.03224825859069824,22.0,11,33
70,11_bit_60.cnf,11,0.001725912094116211,0.016808271408081055,0.016039133071899414,0.034578561782836914,5.0,11,48
71,11_bit_61.cnf,11,0.0011417865753173828,0.016625642776489258,0.011298418045043945,0.02907276153564453,33.0,11,28
72,11_bit_62.cnf,11,0.0019495487213134766,0.019229650497436523,0.016056060791015625,0.03724527359008789,17.0,11,33
73,11_bit_63.cnf,11,0.002368927001953125,0.021529197692871094,0.011663436889648438,0.035568952560424805,38.0,11,29
74,11_bit_64.cnf,11,0.0015740394592285156,0.014539957046508789,0.010466337203979492,0.026586532592773438,97.0,11,24
75,11_bit_65.cnf,11,0.0014259815216064453,0.01657867431640625,0.009460687637329102,0.02747511863708496,48.0,11,32
76,11_bit_66.cnf,11,0.0008816719055175781,0.01534271240234375,0.00916433334350586,0.02539658546447754,75.0,11,26
77,11_bit_67.cnf,11,0.0016093254089355469,0.019205093383789062,0.012475013732910156,0.033296823501586914,13.0,11,35
78,11_bit_68.cnf,11,0.0017387866973876953,0.018559932708740234,0.015053033828735352,0.03535795211791992,5.0,11,44
79,11_bit_69.cnf,11,0.0015871524810791016,0.019217491149902344,0.015363454818725586,0.036177873611450195,8.0,11,34
80,11_bit_7.cnf,11,0.0008699893951416016,0.015323638916015625,0.009490966796875,0.02569127082824707,37.0,11,28
81,11_bit_70.cnf,11,0.0016021728515625,0.0167999267578125,0.013644695281982422,0.03205394744873047,16.0,11,30
82,11_bit_71.cnf,11,0.0018482208251953125,0.018588781356811523,0.016116619110107422,0.036566734313964844,5.0,11,38
83,11_bit_72.cnf,11,0.0009098052978515625,0.014979839324951172,0.007720232009887695,0.02361583709716797,96.0,11,22
84,11_bit_73.cnf,11,0.0017232894897460938,0.017542600631713867,0.01665472984313965,0.03592872619628906,7.0,11,45
85,11_bit_74.cnf,11,0.0025167465209960938,0.02188849449157715,0.0158689022064209,0.04028201103210449,10.0,11,33
86,11_bit_75.cnf,11,0.0013153553009033203,0.020778656005859375,0.01237797737121582,0.034478187561035156,42.0,11,29
87,11_bit_76.cnf,11,0.0012252330780029297,0.019578933715820312,0.0111846923828125,0.03200054168701172,70.0,11,27
88,11_bit_77.cnf,11,0.0012497901916503906,0.019733428955078125,0.013229608535766602,0.03421974182128906,44.0,11,24
89,11_bit_78.cnf,11,0.0024557113647460938,0.02419877052307129,0.021567344665527344,0.04822945594787598,2.0,11,42
90,11_bit_79.cnf,11,0.0009996891021728516,0.015963315963745117,0.008868932723999023,0.025838375091552734,130.0,11,24
91,11_bit_8.cnf,11,0.0012938976287841797,0.017089128494262695,0.012053251266479492,0.030443668365478516,6.0,11,30
92,11_bit_80.cnf,11,0.0013053417205810547,0.018573522567749023,0.012929439544677734,0.0328211784362793,156.0,11,22
93,11_bit_81.cnf,11,0.001425027847290039,0.01785421371459961,0.013252973556518555,0.03253936767578125,16.0,11,32
94,11_bit_82.cnf,11,0.002732992172241211,0.030737876892089844,0.054025888442993164,0.0875086784362793,10.0,11,32
95,11_bit_83.cnf,11,0.0031778812408447266,0.03099656105041504,0.05378365516662598,0.08799314498901367,2.0,11,45
96,11_bit_84.cnf,11,0.0037877559661865234,0.05168652534484863,0.08537077903747559,0.1408553123474121,3.0,11,34
97,11_bit_85.cnf,11,0.0037496089935302734,0.02635049819946289,0.04541206359863281,0.07552766799926758,39.0,11,26
98,11_bit_86.cnf,11,0.002802133560180664,0.039923667907714844,0.02406930923461914,0.0668027400970459,1.0,11,39
99,11_bit_87.cnf,11,0.003642559051513672,0.033403635025024414,0.014646053314208984,0.05170249938964844,19.0,11,24
100,11_bit_88.cnf,11,0.002852201461791992,0.03533673286437988,0.025533437728881836,0.06373333930969238,88.0,11,23
101,11_bit_89.cnf,11,0.0010504722595214844,0.02162957191467285,0.015119314193725586,0.037807464599609375,40.0,11,27
102,11_bit_9.cnf,11,0.0015587806701660156,0.019024372100830078,0.01712632179260254,0.03772330284118652,14.0,11,39
103,11_bit_90.cnf,11,0.0013661384582519531,0.01500391960144043,0.008273601531982422,0.02464914321899414,35.0,11,33
104,11_bit_91.cnf,11,0.0014622211456298828,0.016920804977416992,0.009235620498657227,0.027624845504760742,1.0,11,34
105,11_bit_92.cnf,11,0.003340482711791992,0.016370296478271484,0.010224103927612305,0.02994060516357422,4.0,11,34
106,11_bit_93.cnf,11,0.0014545917510986328,0.017164945602416992,0.009847879409790039,0.0284731388092041,10.0,11,37
107,11_bit_94.cnf,11,0.0011935234069824219,0.01417398452758789,0.009952783584594727,0.02532649040222168,21.0,11,34
108,11_bit_95.cnf,11,0.0013470649719238281,0.015475988388061523,0.009110450744628906,0.025943994522094727,2.0,11,37
109,11_bit_96.cnf,11,0.0011785030364990234,0.015743494033813477,0.011578083038330078,0.02850651741027832,74.0,11,30
110,11_bit_97.cnf,11,0.0017609596252441406,0.01629018783569336,0.012306928634643555,0.03036355972290039,1.0,11,44
111,11_bit_98.cnf,11,0.0008769035339355469,0.01339268684387207,0.00987863540649414,0.024152278900146484,46.0,11,27
112,11_bit_99.cnf,11,0.001589059829711914,0.015104532241821289,0.015009641647338867,0.03171181678771973,1.0,11,48
113,12_bit_0.cnf,12,0.0012896060943603516,0.015674114227294922,0.007215261459350586,0.024184465408325195,38.0,12,29
114,12_bit_1.cnf,12,0.0012619495391845703,0.01581096649169922,0.007998943328857422,0.025077104568481445,61.0,12,33
115,12_bit_10.cnf,12,0.0019459724426269531,0.021837472915649414,0.01063227653503418,0.034422874450683594,40.0,12,32
116,12_bit_100.cnf,12,0.001926422119140625,0.01508951187133789,0.009387493133544922,0.02640819549560547,55.0,12,36
117,12_bit_101.cnf,12,0.0011124610900878906,0.01774287223815918,0.013840675354003906,0.03270149230957031,25.0,12,39
118,12_bit_102.cnf,12,0.0017783641815185547,0.01640796661376953,0.01656031608581543,0.034754276275634766,12.0,12,49
119,12_bit_103.cnf,12,0.001222372055053711,0.014355659484863281,0.008584737777709961,0.02416825294494629,47.0,12,32
120,12_bit_104.cnf,12,0.0024542808532714844,0.016521215438842773,0.009063482284545898,0.02804422378540039,6.0,12,35
121,12_bit_105.cnf,12,0.0021567344665527344,0.016326904296875,0.01160120964050293,0.0300905704498291,209.0,12,28
122,12_bit_106.cnf,12,0.0011608600616455078,0.01407480239868164,0.007880926132202148,0.023123502731323242,79.0,12,30
123,12_bit_107.cnf,12,0.0011162757873535156,0.015161991119384766,0.012161731719970703,0.02844977378845215,5.0,12,43
124,12_bit_108.cnf,12,0.0014340877532958984,0.01596856117248535,0.014210700988769531,0.03162550926208496,8.0,12,43
125,12_bit_109.cnf,12,0.001626729965209961,0.0214231014251709,0.01540231704711914,0.03845953941345215,18.0,12,36
126,12_bit_11.cnf,12,0.0016040802001953125,0.016592741012573242,0.010980844497680664,0.02918243408203125,11.0,12,39
127,12_bit_110.cnf,12,0.0019237995147705078,0.02274346351623535,0.01786351203918457,0.042536258697509766,8.0,12,43
128,12_bit_111.cnf,12,0.0019426345825195312,0.021863222122192383,0.008833885192871094,0.03264570236206055,73.0,12,30
129,12_bit_112.cnf,12,0.0019450187683105469,0.025372982025146484,0.014973878860473633,0.04229879379272461,22.0,12,50
130,12_bit_113.cnf,12,0.0012965202331542969,0.017757415771484375,0.014206171035766602,0.03326559066772461,8.0,12,42
131,12_bit_12.cnf,12,0.001631021499633789,0.02267932891845703,0.020714521408081055,0.04503202438354492,7.0,12,45
132,12_bit_13.cnf,12,0.001026153564453125,0.016373634338378906,0.009946346282958984,0.027352333068847656,7.0,12,44
133,12_bit_14.cnf,12,0.0015037059783935547,0.016947507858276367,0.01355743408203125,0.03201413154602051,2.0,12,43
134,12_bit_15.cnf,12,0.0015163421630859375,0.016454458236694336,0.007730007171630859,0.025707244873046875,124.0,12,25
135,12_bit_16.cnf,12,0.00148773193359375,0.021636247634887695,0.016565561294555664,0.03970026969909668,12.0,12,38
136,12_bit_17.cnf,12,0.0013930797576904297,0.019255638122558594,0.019388198852539062,0.040044546127319336,56.0,12,39
137,12_bit_18.cnf,12,0.0017392635345458984,0.018301963806152344,0.01538395881652832,0.0354311466217041,1.0,12,47
138,12_bit_19.cnf,12,0.0012373924255371094,0.020624637603759766,0.012537717819213867,0.034410715103149414,66.0,12,30
139,12_bit_2.cnf,12,0.0013713836669921875,0.01820826530456543,0.014302730560302734,0.03388833999633789,18.0,12,38
140,12_bit_20.cnf,12,0.001481771469116211,0.0172271728515625,0.011940479278564453,0.030655622482299805,60.0,12,29
141,12_bit_21.cnf,12,0.001695871353149414,0.017881393432617188,0.018998384475708008,0.038582563400268555,18.0,12,47
142,12_bit_22.cnf,12,0.0011904239654541016,0.017577648162841797,0.011145591735839844,0.029921531677246094,163.0,12,28
143,12_bit_23.cnf,12,0.0013191699981689453,0.021895885467529297,0.013002872467041016,0.0362248420715332,28.0,12,34
144,12_bit_24.cnf,12,0.002002716064453125,0.020830392837524414,0.01961684226989746,0.04245710372924805,2.0,12,41
145,12_bit_25.cnf,12,0.0008485317230224609,0.10956358909606934,0.00660395622253418,0.11702156066894531,125.0,12,28
146,12_bit_26.cnf,12,0.0011131763458251953,0.015834808349609375,0.01154184341430664,0.028496265411376953,73.0,12,30
147,12_bit_27.cnf,12,0.0024797916412353516,0.022830724716186523,0.015493154525756836,0.04081082344055176,5.0,12,50
148,12_bit_28.cnf,12,0.0010845661163330078,0.015610456466674805,0.012125730514526367,0.02882981300354004,75.0,12,27
149,12_bit_29.cnf,12,0.0022902488708496094,0.020762920379638672,0.01604437828063965,0.03910493850708008,24.0,12,35
150,12_bit_3.cnf,12,0.00125885009765625,0.018479347229003906,0.03087019920349121,0.05061459541320801,28.0,12,37
151,12_bit_30.cnf,12,0.0014731884002685547,0.018998146057128906,0.01542353630065918,0.035901546478271484,12.0,12,39
152,12_bit_31.cnf,12,0.0015864372253417969,0.01846623420715332,0.01640772819519043,0.0364680290222168,12.0,12,40
153,12_bit_32.cnf,12,0.0011341571807861328,0.018401145935058594,0.011900901794433594,0.031447649002075195,188.0,12,27
154,12_bit_33.cnf,12,0.0016753673553466797,0.021387815475463867,0.014071464538574219,0.037149906158447266,14.0,12,39
155,12_bit_34.cnf,12,0.0021028518676757812,0.019118785858154297,0.012793779373168945,0.03402519226074219,5.0,12,43
156,12_bit_35.cnf,12,0.0016224384307861328,0.018146038055419922,0.017502307891845703,0.0372774600982666,4.0,12,43
157,12_bit_36.cnf,12,0.0016357898712158203,0.01888132095336914,0.009356260299682617,0.02987957000732422,10.0,12,29
158,12_bit_37.cnf,12,0.0017087459564208984,0.02078843116760254,0.017458438873291016,0.03996419906616211,7.0,12,49
159,12_bit_38.cnf,12,0.0009968280792236328,0.016026973724365234,0.008900880813598633,0.025933265686035156,245.0,12,25
160,12_bit_39.cnf,12,0.0010826587677001953,0.015012741088867188,0.009473323822021484,0.02557992935180664,59.0,12,26
161,12_bit_4.cnf,12,0.0018079280853271484,0.019763469696044922,0.016527414321899414,0.038105010986328125,7.0,12,47
162,12_bit_40.cnf,12,0.002247333526611328,0.01937127113342285,0.015423059463500977,0.0370488166809082,17.0,12,35
163,12_bit_41.cnf,12,0.0016155242919921875,0.019376039505004883,0.017514705657958984,0.038512468338012695,2.0,12,46
164,12_bit_42.cnf,12,0.0014047622680664062,0.018581151962280273,0.011930465698242188,0.03192281723022461,17.0,12,34
165,12_bit_43.cnf,12,0.0014543533325195312,0.02153635025024414,0.012085199356079102,0.03508281707763672,54.0,12,33
166,12_bit_44.cnf,12,0.001678466796875,0.019983291625976562,0.015956878662109375,0.037624359130859375,10.0,12,47
167,12_bit_45.cnf,12,0.0018951892852783203,0.0189206600189209,0.018981218338012695,0.039804935455322266,6.0,12,47
168,12_bit_46.cnf,12,0.0018739700317382812,0.016662120819091797,0.01210927963256836,0.030652284622192383,113.0,12,27
169,12_bit_47.cnf,12,0.001619100570678711,0.020580053329467773,0.021101951599121094,0.04330754280090332,4.0,12,46
170,12_bit_48.cnf,12,0.00101470947265625,0.015200138092041016,0.008794784545898438,0.025018692016601562,172.0,12,24
171,12_bit_49.cnf,12,0.0010700225830078125,0.015548944473266602,0.010575056076049805,0.02720022201538086,87.0,12,31
172,12_bit_5.cnf,12,0.0019283294677734375,0.019069194793701172,0.017766952514648438,0.038771867752075195,5.0,12,52
173,12_bit_50.cnf,12,0.001607656478881836,0.020770549774169922,0.012786388397216797,0.035173892974853516,2.0,12,38
174,12_bit_51.cnf,12,0.0013058185577392578,0.018871545791625977,0.009299039840698242,0.029483795166015625,30.0,12,37
175,12_bit_52.cnf,12,0.0019681453704833984,0.020828962326049805,0.018035411834716797,0.040839195251464844,1.0,12,50
176,12_bit_53.cnf,12,0.001463174819946289,0.015213727951049805,0.009930133819580078,0.026613473892211914,124.0,12,27
177,12_bit_54.cnf,12,0.001886129379272461,0.02274179458618164,0.019053936004638672,0.04368901252746582,4.0,12,51
178,12_bit_55.cnf,12,0.0015435218811035156,0.019186973571777344,0.012934684753417969,0.03367185592651367,15.0,12,32
179,12_bit_56.cnf,12,0.0009510517120361328,0.016778230667114258,0.008712053298950195,0.026453733444213867,154.0,12,24
180,12_bit_57.cnf,12,0.0012905597686767578,0.015692949295043945,0.011293172836303711,0.028284072875976562,128.0,12,24
181,12_bit_58.cnf,12,0.0015189647674560547,0.015070915222167969,0.00848078727722168,0.025075912475585938,56.0,12,23
182,12_bit_59.cnf,12,0.0015385150909423828,0.021185636520385742,0.012641191482543945,0.03537154197692871,9.0,12,43
183,12_bit_6.cnf,12,0.0014672279357910156,0.020430564880371094,0.0177459716796875,0.03965139389038086,14.0,12,47
184,12_bit_60.cnf,12,0.0016467571258544922,0.016891002655029297,0.01813673973083496,0.0366816520690918,6.0,12,49
185,12_bit_61.cnf,12,0.003149271011352539,0.02898406982421875,0.01728034019470215,0.04942154884338379,19.0,12,52
186,12_bit_62.cnf,12,0.0019729137420654297,0.020600080490112305,0.018140554428100586,0.04071950912475586,6.0,12,49
187,12_bit_63.cnf,12,0.0013992786407470703,0.020066261291503906,0.017735958099365234,0.039208173751831055,7.0,12,50
188,12_bit_64.cnf,12,0.0013117790222167969,0.01956486701965332,0.01155996322631836,0.03244614601135254,11.0,12,33
189,12_bit_65.cnf,12,0.0012621879577636719,0.01908731460571289,0.011577129364013672,0.03193259239196777,111.0,12,29
190,12_bit_66.cnf,12,0.0014560222625732422,0.017170429229736328,0.013147115707397461,0.03178000450134277,18.0,12,40
191,12_bit_67.cnf,12,0.0014526844024658203,0.016715049743652344,0.00999593734741211,0.028169631958007812,29.0,12,33
192,12_bit_68.cnf,12,0.0016474723815917969,0.019692420959472656,0.01936817169189453,0.04071927070617676,6.0,12,50
193,12_bit_69.cnf,12,0.0015692710876464844,0.018019676208496094,0.014299631118774414,0.03389716148376465,17.0,12,40
194,12_bit_7.cnf,12,0.0020041465759277344,0.021890878677368164,0.017694711685180664,0.04159665107727051,4.0,12,49
195,12_bit_70.cnf,12,0.0014989376068115234,0.016048908233642578,0.013502359390258789,0.031057119369506836,15.0,12,41
196,12_bit_71.cnf,12,0.001573324203491211,0.017493486404418945,0.016671180725097656,0.03574395179748535,6.0,12,42
197,12_bit_72.cnf,12,0.0017993450164794922,0.019433259963989258,0.013263702392578125,0.03450465202331543,42.0,12,30
198,12_bit_73.cnf,12,0.0020346641540527344,0.019237756729125977,0.017657756805419922,0.03893685340881348,8.0,12,51
199,12_bit_74.cnf,12,0.0019049644470214844,0.02102041244506836,0.022786378860473633,0.04571723937988281,2.0,12,51
200,12_bit_75.cnf,12,0.0012156963348388672,0.018914461135864258,0.018055438995361328,0.03819561004638672,48.0,12,38
201,12_bit_76.cnf,12,0.0020830631256103516,0.028664350509643555,0.02064967155456543,0.05140328407287598,6.0,12,41
202,12_bit_77.cnf,12,0.0015900135040283203,0.017751455307006836,0.014385223388671875,0.03373312950134277,2.0,12,40
203,12_bit_78.cnf,12,0.0021898746490478516,0.022704362869262695,0.011893033981323242,0.03679680824279785,17.0,12,36
204,12_bit_79.cnf,12,0.0014684200286865234,0.017720699310302734,0.012997865676879883,0.0321965217590332,4.0,12,40
205,12_bit_8.cnf,12,0.001931905746459961,0.020876169204711914,0.01732039451599121,0.04013824462890625,6.0,12,45
206,12_bit_80.cnf,12,0.001453399658203125,0.019721031188964844,0.01745152473449707,0.038634300231933594,8.0,12,40
207,12_bit_81.cnf,12,0.0014119148254394531,0.01900029182434082,0.014351606369018555,0.03477025032043457,3.0,12,46
208,12_bit_82.cnf,12,0.0015079975128173828,0.02279210090637207,0.020369768142700195,0.04467630386352539,6.0,12,49
209,12_bit_83.cnf,12,0.0014920234680175781,0.016370773315429688,0.010680675506591797,0.028550386428833008,84.0,12,33
210,12_bit_84.cnf,12,0.0013358592987060547,0.017021656036376953,0.011879205703735352,0.03024744987487793,149.0,12,28
211,12_bit_85.cnf,12,0.0014841556549072266,0.018613576889038086,0.012612104415893555,0.032718658447265625,79.0,12,29
212,12_bit_86.cnf,12,0.0012485980987548828,0.017459869384765625,0.014056682586669922,0.03277158737182617,9.0,12,39
213,12_bit_87.cnf,12,0.0016546249389648438,0.028302669525146484,0.022165775299072266,0.052132606506347656,7.0,12,50
214,12_bit_88.cnf,12,0.0016093254089355469,0.020936965942382812,0.013547658920288086,0.03610706329345703,4.0,12,45
215,12_bit_89.cnf,12,0.0018475055694580078,0.017516136169433594,0.014368295669555664,0.033739328384399414,8.0,12,43
216,12_bit_9.cnf,12,0.0031969547271728516,0.023055315017700195,0.018263816833496094,0.044522762298583984,13.0,12,46
217,12_bit_90.cnf,12,0.0012085437774658203,0.014945268630981445,0.010807275772094727,0.026967287063598633,47.0,12,29
218,12_bit_91.cnf,12,0.0010166168212890625,0.014910697937011719,0.012006759643554688,0.027945280075073242,81.0,12,28
219,12_bit_92.cnf,12,0.0016589164733886719,0.0201418399810791,0.012046575546264648,0.03385782241821289,35.0,12,34
220,12_bit_93.cnf,12,0.002000570297241211,0.017369985580444336,0.013271331787109375,0.03264951705932617,4.0,12,47
221,12_bit_94.cnf,12,0.0015988349914550781,0.021016597747802734,0.015902042388916016,0.03852438926696777,7.0,12,46
222,12_bit_95.cnf,12,0.0014376640319824219,0.015900850296020508,0.011546850204467773,0.028892040252685547,24.0,12,35
223,12_bit_96.cnf,12,0.0022585391998291016,0.018313169479370117,0.016853809356689453,0.037431955337524414,2.0,12,49
224,12_bit_97.cnf,12,0.0017442703247070312,0.019020795822143555,0.018377065658569336,0.039151906967163086,38.0,12,46
225,12_bit_98.cnf,12,0.00162506103515625,0.02041172981262207,0.012115240097045898,0.03415799140930176,16.0,12,31
226,12_bit_99.cnf,12,0.0013980865478515625,0.016644954681396484,0.016826152801513672,0.03488016128540039,22.0,12,39
227,13_bit_0.cnf,13,0.009854793548583984,0.06121540069580078,0.0420839786529541,0.11316394805908203,87.0,13,33
228,13_bit_1.cnf,13,0.0015263557434082031,0.019512176513671875,0.019230127334594727,0.040277719497680664,75.0,13,34
229,13_bit_10.cnf,13,0.004247426986694336,0.03002786636352539,0.020534276962280273,0.05482077598571777,57.0,13,33
230,13_bit_100.cnf,13,0.002415180206298828,0.029935359954833984,0.024204254150390625,0.05656695365905762,183.0,13,30
231,13_bit_101.cnf,13,0.0024368762969970703,0.030500411987304688,0.020980358123779297,0.05392646789550781,153.0,13,29
232,13_bit_102.cnf,13,0.0015990734100341797,0.019512176513671875,0.015091896057128906,0.0362095832824707,7.0,13,46
233,13_bit_103.cnf,13,0.0017197132110595703,0.0171811580657959,0.010748147964477539,0.02965545654296875,121.0,13,37
234,13_bit_104.cnf,13,0.0014383792877197266,0.0190584659576416,0.013986349105834961,0.03449201583862305,45.0,13,36
235,13_bit_105.cnf,13,0.002123594284057617,0.03386735916137695,0.020650625228881836,0.056649208068847656,3.0,13,54
236,13_bit_106.cnf,13,0.0018265247344970703,0.01617145538330078,0.01867818832397461,0.03668403625488281,47.0,13,39
237,13_bit_107.cnf,13,0.0019605159759521484,0.01833796501159668,0.017549753189086914,0.03785347938537598,10.0,13,51
238,13_bit_108.cnf,13,0.0016021728515625,0.017909765243530273,0.011351346969604492,0.03087139129638672,159.0,13,33
239,13_bit_11.cnf,13,0.0019850730895996094,0.027161836624145508,0.015235185623168945,0.0443875789642334,5.0,13,50
240,13_bit_12.cnf,13,0.0019164085388183594,0.02296614646911621,0.016111135482788086,0.041001081466674805,7.0,13,50
241,13_bit_13.cnf,13,0.001615285873413086,0.01681804656982422,0.012537002563476562,0.03097844123840332,184.0,13,28
242,13_bit_14.cnf,13,0.0017428398132324219,0.028007984161376953,0.01835799217224121,0.048116445541381836,17.0,13,44
243,13_bit_15.cnf,13,0.0012829303741455078,0.02208709716796875,0.017169952392578125,0.04054617881774902,13.0,13,41
244,13_bit_16.cnf,13,0.0029811859130859375,0.03756880760192871,0.0283052921295166,0.06886529922485352,6.0,13,41
245,13_bit_17.cnf,13,0.013940572738647461,0.08495068550109863,0.05450725555419922,0.15340876579284668,275.0,13,27
246,13_bit_18.cnf,13,0.0022852420806884766,0.023708343505859375,0.019640684127807617,0.045642852783203125,189.0,13,28
247,13_bit_19.cnf,13,0.003091096878051758,0.030400753021240234,0.026656627655029297,0.06015825271606445,37.0,13,41
248,13_bit_2.cnf,13,0.004697322845458984,0.03781914710998535,0.039819955825805664,0.08234715461730957,30.0,13,41
249,13_bit_20.cnf,13,0.0033774375915527344,0.03236675262451172,0.03771233558654785,0.07347345352172852,147.0,13,28
250,13_bit_21.cnf,13,0.0014145374298095703,0.033422231674194336,0.01221156120300293,0.04705929756164551,99.0,13,31
251,13_bit_22.cnf,13,0.0043256282806396484,0.04072427749633789,0.04261946678161621,0.08768010139465332,1.0,13,52
252,13_bit_23.cnf,13,0.0027070045471191406,0.03095555305480957,0.03162837028503418,0.06529998779296875,1.0,13,51
253,13_bit_24.cnf,13,0.0023865699768066406,0.027096986770629883,0.015286922454833984,0.04478335380554199,272.0,13,27
254,13_bit_25.cnf,13,0.004976987838745117,0.02117323875427246,0.01564812660217285,0.04181098937988281,53.0,13,37
255,13_bit_26.cnf,13,0.0011475086212158203,0.015408992767333984,0.011981010437011719,0.028542757034301758,201.0,13,31
256,13_bit_27.cnf,13,0.00174713134765625,0.0250246524810791,0.016192197799682617,0.04297041893005371,25.0,13,38
257,13_bit_28.cnf,13,0.0024771690368652344,0.022295475006103516,0.01675128936767578,0.041529178619384766,26.0,13,40
258,13_bit_29.cnf,13,0.0013751983642578125,0.018796920776367188,0.018564462661743164,0.03874468803405762,1.0,13,48
259,13_bit_3.cnf,13,0.003275156021118164,0.028711795806884766,0.02210521697998047,0.05409979820251465,54.0,13,41
260,13_bit_30.cnf,13,0.0018186569213867188,0.01965165138244629,0.03902554512023926,0.06050229072570801,10.0,13,47
261,13_bit_31.cnf,13,0.0035448074340820312,0.03149843215942383,0.08824372291564941,0.12330150604248047,108.0,13,44
262,13_bit_32.cnf,13,0.0014901161193847656,0.01726388931274414,0.013568878173828125,0.03232860565185547,272.0,13,28
263,13_bit_33.cnf,13,0.0028696060180664062,0.0268251895904541,0.05201292037963867,0.08171510696411133,14.0,13,54
264,13_bit_34.cnf,13,0.00176239013671875,0.016263723373413086,0.017212867736816406,0.03524518013000488,9.0,13,46
265,13_bit_35.cnf,13,0.002599477767944336,0.024026870727539062,0.044983863830566406,0.07161760330200195,12.0,13,55
266,13_bit_36.cnf,13,0.0018732547760009766,0.018108367919921875,0.012517213821411133,0.03250765800476074,65.0,13,34
267,13_bit_37.cnf,13,0.0014374256134033203,0.015920400619506836,0.009443283081054688,0.026809215545654297,136.0,13,28
268,13_bit_38.cnf,13,0.0023903846740722656,0.022816896438598633,0.020573139190673828,0.04578733444213867,9.0,13,47
269,13_bit_39.cnf,13,0.0018017292022705078,0.017604351043701172,0.017862558364868164,0.0372769832611084,8.0,13,53
270,13_bit_4.cnf,13,0.00197601318359375,0.019612789154052734,0.020563125610351562,0.042157649993896484,26.0,13,42
271,13_bit_40.cnf,13,0.0018477439880371094,0.01955699920654297,0.01119089126586914,0.032602787017822266,95.0,13,33
272,13_bit_41.cnf,13,0.0018093585968017578,0.0177004337310791,0.011935234069824219,0.03145170211791992,110.0,13,30
273,13_bit_42.cnf,13,0.0022258758544921875,0.02281975746154785,0.013970613479614258,0.039023637771606445,190.0,13,33
274,13_bit_43.cnf,13,0.0010373592376708984,0.014272212982177734,0.0075795650482177734,0.022895097732543945,223.0,13,28
275,13_bit_44.cnf,13,0.001558065414428711,0.017215490341186523,0.013731718063354492,0.03251147270202637,13.0,13,51
276,13_bit_45.cnf,13,0.0014941692352294922,0.019632339477539062,0.012808084487915039,0.03394150733947754,134.0,13,31
277,13_bit_46.cnf,13,0.0020170211791992188,0.029160261154174805,0.02262568473815918,0.05381178855895996,18.0,13,43
278,13_bit_47.cnf,13,0.001543283462524414,0.02031254768371582,0.012280702590942383,0.034147024154663086,25.0,13,46
279,13_bit_48.cnf,13,0.001287698745727539,0.016170978546142578,0.012986183166503906,0.03044891357421875,5.0,13,52
280,13_bit_49.cnf,13,0.001983165740966797,0.01976799964904785,0.01475071907043457,0.03651070594787598,22.0,13,44
281,13_bit_5.cnf,13,0.0017855167388916016,0.018611669540405273,0.013804197311401367,0.03421211242675781,10.0,13,37
282,13_bit_50.cnf,13,0.0012974739074707031,0.01663994789123535,0.015425920486450195,0.03336930274963379,33.0,13,34
283,13_bit_51.cnf,13,0.0017185211181640625,0.01682877540588379,0.014077901840209961,0.03263974189758301,13.0,13,39
284,13_bit_52.cnf,13,0.0011167526245117188,0.0157625675201416,0.008646011352539062,0.02553105354309082,131.0,13,31
285,13_bit_53.cnf,13,0.0011374950408935547,0.0122222900390625,0.009285688400268555,0.02265143394470215,156.0,13,26
286,13_bit_54.cnf,13,0.0013287067413330078,0.015546083450317383,0.013773441314697266,0.0306551456451416,15.0,13,37
287,13_bit_55.cnf,13,0.001964569091796875,0.018778562545776367,0.016807079315185547,0.03755664825439453,7.0,13,52
288,13_bit_56.cnf,13,0.0032196044921875,0.039842844009399414,0.01918482780456543,0.06225466728210449,3.0,13,52
289,13_bit_57.cnf,13,0.0015969276428222656,0.016922473907470703,0.01195216178894043,0.030478954315185547,58.0,13,36
290,13_bit_58.cnf,13,0.0016384124755859375,0.015650272369384766,0.014708280563354492,0.03200078010559082,2.0,13,44
291,13_bit_59.cnf,13,0.001302480697631836,0.014457225799560547,0.01727747917175293,0.03304600715637207,150.0,13,35
292,13_bit_6.cnf,13,0.00099945068359375,0.016080141067504883,0.00952601432800293,0.026612520217895508,265.0,13,28
293,13_bit_60.cnf,13,0.002755880355834961,0.0275881290435791,0.03119206428527832,0.06154465675354004,1.0,13,48
294,13_bit_61.cnf,13,0.0017180442810058594,0.01766061782836914,0.015206336975097656,0.034590959548950195,3.0,13,47
295,13_bit_62.cnf,13,0.0017063617706298828,0.019049882888793945,0.0130767822265625,0.03384041786193848,116.0,13,28
296,13_bit_63.cnf,13,0.001146554946899414,0.015456914901733398,0.008089065551757812,0.024698734283447266,138.0,13,33
297,13_bit_64.cnf,13,0.0016460418701171875,0.0185699462890625,0.013601303100585938,0.03382277488708496,9.0,13,50
298,13_bit_65.cnf,13,0.0025091171264648438,0.02321338653564453,0.018817424774169922,0.04454636573791504,2.0,13,56
299,13_bit_66.cnf,13,0.0014781951904296875,0.01633310317993164,0.016207218170166016,0.034024953842163086,14.0,13,41
300,13_bit_67.cnf,13,0.0013527870178222656,0.01583266258239746,0.01372671127319336,0.03092217445373535,6.0,13,43
301,13_bit_68.cnf,13,0.0016608238220214844,0.020350933074951172,0.014945030212402344,0.03696250915527344,26.0,13,47
302,13_bit_69.cnf,13,0.0014684200286865234,0.01637101173400879,0.010040283203125,0.02788567543029785,105.0,13,35
303,13_bit_7.cnf,13,0.0018775463104248047,0.017387866973876953,0.03167390823364258,0.05095028877258301,5.0,13,52
304,13_bit_70.cnf,13,0.0016241073608398438,0.016358613967895508,0.011639118194580078,0.02962946891784668,31.0,13,36
305,13_bit_71.cnf,13,0.0017294883728027344,0.01864337921142578,0.015522956848144531,0.035904645919799805,12.0,13,47
306,13_bit_72.cnf,13,0.0015578269958496094,0.01906609535217285,0.016974687576293945,0.03760671615600586,4.0,13,52
307,13_bit_73.cnf,13,0.0017426013946533203,0.022649526596069336,0.028188467025756836,0.052587270736694336,5.0,13,50
308,13_bit_74.cnf,13,0.0016644001007080078,0.02299046516418457,0.019710540771484375,0.04437375068664551,195.0,13,33
309,13_bit_75.cnf,13,0.0015511512756347656,0.018975019454956055,0.01587510108947754,0.0364077091217041,2.0,13,51
310,13_bit_76.cnf,13,0.0017094612121582031,0.018948793411254883,0.020566463470458984,0.041231393814086914,10.0,13,51
311,13_bit_77.cnf,13,0.0013129711151123047,0.014309167861938477,0.007853031158447266,0.02348184585571289,81.0,13,30
312,13_bit_78.cnf,13,0.0039386749267578125,0.02019476890563965,0.01710367202758789,0.04124259948730469,24.0,13,41
313,13_bit_79.cnf,13,0.001531362533569336,0.018811941146850586,0.028187990188598633,0.0485379695892334,6.0,13,57
314,13_bit_8.cnf,13,0.0012516975402832031,0.01653885841369629,0.013311386108398438,0.031108379364013672,13.0,13,37
315,13_bit_80.cnf,13,0.001241445541381836,0.015184402465820312,0.009612560272216797,0.02604389190673828,147.0,13,28
316,13_bit_81.cnf,13,0.0021092891693115234,0.0189666748046875,0.01345062255859375,0.03453230857849121,48.0,13,39
317,13_bit_82.cnf,13,0.0017657279968261719,0.01760578155517578,0.013866424560546875,0.03324437141418457,4.0,13,49
318,13_bit_83.cnf,13,0.001386880874633789,0.0165712833404541,0.014094829559326172,0.0320589542388916,18.0,13,44
319,13_bit_84.cnf,13,0.0017971992492675781,0.019741058349609375,0.016231536865234375,0.03777575492858887,24.0,13,47
320,13_bit_85.cnf,13,0.0022149085998535156,0.029215574264526367,0.016546010971069336,0.0479893684387207,214.0,13,26
321,13_bit_86.cnf,13,0.0041310787200927734,0.024526119232177734,0.024661779403686523,0.05333113670349121,30.0,13,46
322,13_bit_87.cnf,13,0.001397848129272461,0.016770362854003906,0.014510393142700195,0.032688140869140625,8.0,13,47
323,13_bit_88.cnf,13,0.0011615753173828125,0.017438650131225586,0.012476444244384766,0.031083106994628906,260.0,13,27
324,13_bit_89.cnf,13,0.0013949871063232422,0.01679253578186035,0.013685226440429688,0.03187847137451172,37.0,13,45
325,13_bit_9.cnf,13,0.001209259033203125,0.014637231826782227,0.013508796691894531,0.029367923736572266,102.0,13,33
326,13_bit_90.cnf,13,0.001455068588256836,0.015355825424194336,0.013256549835205078,0.03007221221923828,10.0,13,50
327,13_bit_91.cnf,13,0.0017993450164794922,0.01945352554321289,0.01898026466369629,0.04024243354797363,5.0,13,51
328,13_bit_92.cnf,13,0.0010764598846435547,0.01492619514465332,0.011377096176147461,0.027387619018554688,93.0,13,36
329,13_bit_93.cnf,13,0.0018117427825927734,0.019307613372802734,0.03615164756774902,0.05727982521057129,1.0,13,56
330,13_bit_94.cnf,13,0.001405477523803711,0.018419981002807617,0.025293827056884766,0.045137643814086914,6.0,13,45
331,13_bit_95.cnf,13,0.0011928081512451172,0.014597654342651367,0.0077745914459228516,0.023573875427246094,176.0,13,28
332,13_bit_96.cnf,13,0.0017724037170410156,0.017644882202148438,0.012691736221313477,0.03211522102355957,43.0,13,37
333,13_bit_97.cnf,13,0.00199127197265625,0.017551898956298828,0.012447357177734375,0.0319976806640625,91.0,13,32
334,13_bit_98.cnf,13,0.0014145374298095703,0.04344892501831055,0.013934612274169922,0.058807373046875,93.0,13,35
335,13_bit_99.cnf,13,0.0024373531341552734,0.01793360710144043,0.014690399169921875,0.035071611404418945,3.0,13,53
336,14_bit_0.cnf,14,0.0016856193542480469,0.02037978172302246,0.015616893768310547,0.037688255310058594,23.0,14,56
337,14_bit_1.cnf,14,0.001260995864868164,0.01778888702392578,0.01428842544555664,0.03334522247314453,390.0,14,31
338,14_bit_10.cnf,14,0.0016863346099853516,0.01986074447631836,0.010944604873657227,0.03249835968017578,151.0,14,35
339,14_bit_11.cnf,14,0.001623392105102539,0.01775956153869629,0.03390645980834961,0.05330038070678711,7.0,14,57
340,14_bit_12.cnf,14,0.0013015270233154297,0.016256093978881836,0.010706186294555664,0.02827000617980957,207.0,14,30
341,14_bit_13.cnf,14,0.0021970272064208984,0.019158124923706055,0.027106285095214844,0.04847002029418945,5.0,14,56
342,14_bit_14.cnf,14,0.0019540786743164062,0.02859783172607422,0.0141754150390625,0.04473447799682617,72.0,14,42
343,14_bit_15.cnf,14,0.001523733139038086,0.01769280433654785,0.00837850570678711,0.02760457992553711,373.0,14,30
344,14_bit_16.cnf,14,0.0018773078918457031,0.017821550369262695,0.012415409088134766,0.0321202278137207,4.0,14,48
345,14_bit_17.cnf,14,0.0011191368103027344,0.015002250671386719,0.009985208511352539,0.026112079620361328,425.0,14,29
346,14_bit_18.cnf,14,0.0011529922485351562,0.014603614807128906,0.009307146072387695,0.025072813034057617,638.0,14,28
347,14_bit_19.cnf,14,0.0015380382537841797,0.0192716121673584,0.027526140213012695,0.048343658447265625,14.0,14,52
348,14_bit_2.cnf,14,0.0018391609191894531,0.018404483795166016,0.027823686599731445,0.048074960708618164,8.0,14,45
349,14_bit_20.cnf,14,0.0019958019256591797,0.0227205753326416,0.030344724655151367,0.05506730079650879,32.0,14,49
350,14_bit_21.cnf,14,0.0016150474548339844,0.018064260482788086,0.011011362075805664,0.030698776245117188,130.0,14,34
351,14_bit_22.cnf,14,0.0011224746704101562,0.016722679138183594,0.009016752243041992,0.026867389678955078,403.0,14,29
352,14_bit_23.cnf,14,0.0010485649108886719,0.017293453216552734,0.014231443405151367,0.032579898834228516,216.0,14,32
353,14_bit_24.cnf,14,0.003014087677001953,0.01741623878479004,0.027625083923339844,0.048062801361083984,2.0,14,59
354,14_bit_25.cnf,14,0.001680135726928711,0.01749396324157715,0.023107528686523438,0.0422978401184082,56.0,14,36
355,14_bit_26.cnf,14,0.002011537551879883,0.01936030387878418,0.0354461669921875,0.0568242073059082,8.0,14,52
356,14_bit_27.cnf,14,0.0014367103576660156,0.018384218215942383,0.01573920249938965,0.0355682373046875,260.0,14,39
357,14_bit_28.cnf,14,0.0012502670288085938,0.014960765838623047,0.010667085647583008,0.026886940002441406,85.0,14,35
358,14_bit_29.cnf,14,0.0014808177947998047,0.016931772232055664,0.01579880714416504,0.03422212600708008,76.0,14,40
359,14_bit_3.cnf,14,0.001954317092895508,0.019327878952026367,0.03296303749084473,0.05425286293029785,20.0,14,53
360,14_bit_30.cnf,14,0.0012557506561279297,0.01615452766418457,0.010724782943725586,0.028145551681518555,21.0,14,42
361,14_bit_31.cnf,14,0.0036754608154296875,0.041696786880493164,0.0375821590423584,0.08296346664428711,43.0,14,51
362,14_bit_32.cnf,14,0.0015392303466796875,0.015821218490600586,0.01200103759765625,0.02936840057373047,11.0,14,47
363,14_bit_33.cnf,14,0.0015854835510253906,0.018390178680419922,0.019478321075439453,0.039463043212890625,339.0,14,33
364,14_bit_34.cnf,14,0.0030601024627685547,0.025042295455932617,0.048795461654663086,0.07690691947937012,24.0,14,58
365,14_bit_35.cnf,14,0.0031003952026367188,0.023575782775878906,0.04320025444030762,0.06988406181335449,4.0,14,56
366,14_bit_36.cnf,14,0.0014600753784179688,0.015914201736450195,0.01240086555480957,0.029781103134155273,50.0,14,41
367,14_bit_37.cnf,14,0.0022318363189697266,0.023064613342285156,0.0157468318939209,0.041049957275390625,18.0,14,45
368,14_bit_38.cnf,14,0.0017054080963134766,0.02239990234375,0.013670206069946289,0.03778195381164551,176.0,14,42
369,14_bit_39.cnf,14,0.0014758110046386719,0.016593217849731445,0.015326976776123047,0.03340315818786621,5.0,14,55
370,14_bit_4.cnf,14,0.0019750595092773438,0.017805814743041992,0.026480436325073242,0.04626893997192383,17.0,14,40
371,14_bit_40.cnf,14,0.0018012523651123047,0.015862703323364258,0.012569904327392578,0.030239582061767578,86.0,14,43
372,14_bit_41.cnf,14,0.002044677734375,0.031514644622802734,0.05192399024963379,0.08549642562866211,45.0,14,45
373,14_bit_42.cnf,14,0.0015401840209960938,0.016946792602539062,0.010157585144042969,0.02865314483642578,109.0,14,35
374,14_bit_43.cnf,14,0.0013298988342285156,0.016277551651000977,0.01422262191772461,0.03183698654174805,254.0,14,33
375,14_bit_44.cnf,14,0.003984212875366211,0.02573394775390625,0.021077394485473633,0.05080223083496094,7.0,14,54
376,14_bit_45.cnf,14,0.0022840499877929688,0.0489201545715332,0.05474710464477539,0.10596299171447754,145.0,14,28
377,14_bit_46.cnf,14,0.0018770694732666016,0.02057933807373047,0.03344321250915527,0.055907487869262695,3.0,14,59
378,14_bit_47.cnf,14,0.0019214153289794922,0.02353644371032715,0.015613555908203125,0.041078805923461914,95.0,14,40
379,14_bit_48.cnf,14,0.002080678939819336,0.019163846969604492,0.014610767364501953,0.03587627410888672,110.0,14,39
380,14_bit_49.cnf,14,0.0019423961639404297,0.022180557250976562,0.015874862670898438,0.04000425338745117,21.0,14,43
381,14_bit_5.cnf,14,0.0025682449340820312,0.021823644638061523,0.041649580001831055,0.06604981422424316,3.0,14,49
382,14_bit_50.cnf,14,0.001664876937866211,0.018129825592041016,0.03910541534423828,0.05890846252441406,4.0,14,51
383,14_bit_51.cnf,14,0.0013959407806396484,0.017685890197753906,0.015569210052490234,0.034659624099731445,4.0,14,55
384,14_bit_52.cnf,14,0.002441883087158203,0.023417234420776367,0.04468393325805664,0.07055068016052246,3.0,14,62
385,14_bit_53.cnf,14,0.004182100296020508,0.031915903091430664,0.07830810546875,0.11441540718078613,2.0,14,59
386,14_bit_54.cnf,14,0.002061128616333008,0.03907370567321777,0.027403593063354492,0.06855106353759766,179.0,14,33
387,14_bit_55.cnf,14,0.002067089080810547,0.021528959274291992,0.011111974716186523,0.0347135066986084,312.0,14,28
388,14_bit_56.cnf,14,0.001775979995727539,0.019957780838012695,0.043250083923339844,0.06499028205871582,1.0,14,62
389,14_bit_57.cnf,14,0.0024356842041015625,0.038727521896362305,0.04588937759399414,0.08706045150756836,5.0,14,58
390,14_bit_58.cnf,14,0.0019326210021972656,0.020595550537109375,0.025692462921142578,0.0482327938079834,54.0,14,39
391,14_bit_59.cnf,14,0.0015895366668701172,0.021137237548828125,0.03666996955871582,0.059409141540527344,59.0,14,53
392,14_bit_6.cnf,14,0.0019631385803222656,0.03226280212402344,0.019335031509399414,0.05357170104980469,32.0,14,34
393,14_bit_60.cnf,14,0.001689910888671875,0.016925811767578125,0.01694941520690918,0.03557229042053223,49.0,14,40
394,14_bit_61.cnf,14,0.0015301704406738281,0.01976943016052246,0.018792152404785156,0.04009842872619629,5.0,14,58
395,14_bit_62.cnf,14,0.0036230087280273438,0.04571676254272461,0.022861480712890625,0.07221102714538574,128.0,14,34
396,14_bit_63.cnf,14,0.0017011165618896484,0.019073963165283203,0.018500089645385742,0.039283037185668945,35.0,14,50
397,14_bit_64.cnf,14,0.0019054412841796875,0.02113485336303711,0.034883737564086914,0.05793046951293945,30.0,14,54
398,14_bit_65.cnf,14,0.002549409866333008,0.029022693634033203,0.047963619232177734,0.07955789566040039,9.0,14,52
399,14_bit_66.cnf,14,0.0010569095611572266,0.0187380313873291,0.01215052604675293,0.0319523811340332,421.0,14,29
400,14_bit_67.cnf,14,0.002431154251098633,0.02796649932861328,0.06402325630187988,0.09442949295043945,3.0,14,56
401,14_bit_68.cnf,14,0.0016891956329345703,0.018816709518432617,0.03686070442199707,0.0573728084564209,1.0,14,58
402,14_bit_69.cnf,14,0.0017819404602050781,0.01929759979248047,0.035178422927856445,0.056264400482177734,3.0,14,59
403,14_bit_7.cnf,14,0.0021152496337890625,0.024825572967529297,0.016530275344848633,0.043477773666381836,46.0,14,47
404,14_bit_70.cnf,14,0.0020525455474853516,0.022373199462890625,0.016356945037841797,0.040789127349853516,28.0,14,43
405,14_bit_71.cnf,14,0.0014934539794921875,0.016051054000854492,0.010648250579833984,0.028200864791870117,109.0,14,40
406,14_bit_72.cnf,14,0.001889944076538086,0.023190975189208984,0.06562089920043945,0.09071040153503418,20.0,14,53
407,14_bit_73.cnf,14,0.0023217201232910156,0.025313854217529297,0.02269458770751953,0.05034613609313965,84.0,14,36
408,14_bit_74.cnf,14,0.004305124282836914,0.04093003273010254,0.09864020347595215,0.14388537406921387,2.0,14,54
409,14_bit_75.cnf,14,0.0018546581268310547,0.02149176597595215,0.017006397247314453,0.04036092758178711,132.0,14,37
410,14_bit_76.cnf,14,0.0017113685607910156,0.01453256607055664,0.012907028198242188,0.029157161712646484,25.0,14,35
411,14_bit_77.cnf,14,0.001573324203491211,0.01921367645263672,0.015537500381469727,0.03632926940917969,73.0,14,43
412,14_bit_78.cnf,14,0.0013301372528076172,0.017503976821899414,0.012499570846557617,0.031340599060058594,56.0,14,37
413,14_bit_79.cnf,14,0.0024857521057128906,0.02352309226989746,0.05553245544433594,0.08154940605163574,15.0,14,54
414,14_bit_8.cnf,14,0.013601541519165039,0.05063629150390625,0.09379124641418457,0.15804123878479004,17.0,14,51
415,14_bit_80.cnf,14,0.0017161369323730469,0.019587993621826172,0.013017892837524414,0.034332275390625,46.0,14,44
416,14_bit_9.cnf,14,0.0011572837829589844,0.01858687400817871,0.01441812515258789,0.03416872024536133,34.0,14,33
417,15_bit_0.cnf,15,0.0025098323822021484,0.024100303649902344,0.0467071533203125,0.07332515716552734,24.0,15,59
418,15_bit_1.cnf,15,0.0013835430145263672,0.022840261459350586,0.0164644718170166,0.04069685935974121,268.0,15,33
419,15_bit_10.cnf,15,0.0017237663269042969,0.018105745315551758,0.028840065002441406,0.04868149757385254,55.0,15,42
420,15_bit_11.cnf,15,0.001775979995727539,0.0200040340423584,0.019481420516967773,0.04126906394958496,297.0,15,32
421,15_bit_12.cnf,15,0.0028960704803466797,0.03231525421142578,0.02138686180114746,0.05661320686340332,491.0,15,33
422,15_bit_13.cnf,15,0.0015375614166259766,0.03307223320007324,0.055197715759277344,0.08981537818908691,230.0,15,38
423,15_bit_14.cnf,15,0.001394033432006836,0.019090652465820312,0.0522916316986084,0.07278585433959961,34.0,15,47
424,15_bit_15.cnf,15,0.0016219615936279297,0.02319025993347168,0.018297672271728516,0.0431210994720459,35.0,15,47
425,15_bit_16.cnf,15,0.0033249855041503906,0.025150537490844727,0.04320502281188965,0.07169151306152344,75.0,15,52
426,15_bit_17.cnf,15,0.0016109943389892578,0.023888111114501953,0.040929317474365234,0.06643962860107422,18.0,15,50
427,15_bit_18.cnf,15,0.0019092559814453125,0.020501375198364258,0.015908479690551758,0.03832602500915527,653.0,15,33
428,15_bit_19.cnf,15,0.0020818710327148438,0.021968841552734375,0.03581118583679199,0.05986976623535156,33.0,15,51
429,15_bit_2.cnf,15,0.0013916492462158203,0.01597428321838379,0.01577615737915039,0.03314852714538574,403.0,15,32
430,15_bit_20.cnf,15,0.0014634132385253906,0.018392086029052734,0.012502670288085938,0.032364606857299805,57.0,15,36
431,15_bit_21.cnf,15,0.0018188953399658203,0.01834869384765625,0.03554201126098633,0.055716514587402344,11.0,15,57
432,15_bit_22.cnf,15,0.0018024444580078125,0.020676612854003906,0.011036396026611328,0.03352189064025879,275.0,15,29
433,15_bit_23.cnf,15,0.003282785415649414,0.0238037109375,0.058899641036987305,0.0859982967376709,35.0,15,48
434,15_bit_24.cnf,15,0.0014996528625488281,0.025704383850097656,0.016511917114257812,0.04372358322143555,137.0,15,37
435,15_bit_25.cnf,15,0.0027551651000976562,0.02635812759399414,0.01654672622680664,0.045670270919799805,293.0,15,35
436,15_bit_26.cnf,15,0.002362489700317383,0.025557756423950195,0.04011130332946777,0.06804037094116211,22.0,15,51
437,15_bit_27.cnf,15,0.027615070343017578,0.05065107345581055,0.1310732364654541,0.20936298370361328,9.0,15,60
438,15_bit_28.cnf,15,0.004764556884765625,0.03136801719665527,0.051775217056274414,0.08791637420654297,7.0,15,56
439,15_bit_29.cnf,15,0.0022716522216796875,0.02416086196899414,0.016959428787231445,0.04339790344238281,21.0,15,53
440,15_bit_3.cnf,15,0.0020906925201416016,0.042407989501953125,0.04200291633605957,0.08650827407836914,13.0,15,61
441,15_bit_30.cnf,15,0.0016934871673583984,0.021456003189086914,0.037502288818359375,0.060657501220703125,31.0,15,52
442,15_bit_31.cnf,15,0.00170135498046875,0.018059968948364258,0.034798383712768555,0.05456995964050293,404.0,15,31
443,15_bit_32.cnf,15,0.0015344619750976562,0.017976999282836914,0.012698173522949219,0.032216548919677734,167.0,15,43
444,15_bit_33.cnf,15,0.003566741943359375,0.03133273124694824,0.03919172286987305,0.07410740852355957,585.0,15,34
445,15_bit_34.cnf,15,0.0018126964569091797,0.017915010452270508,0.01751112937927246,0.03724479675292969,32.0,15,48
446,15_bit_35.cnf,15,0.003947734832763672,0.07704615592956543,0.03885698318481445,0.11986207962036133,102.0,15,43
447,15_bit_36.cnf,15,0.0013959407806396484,0.016739845275878906,0.02812814712524414,0.04627108573913574,237.0,15,34
448,15_bit_37.cnf,15,0.001744985580444336,0.01597452163696289,0.03265094757080078,0.05037808418273926,21.0,15,50
449,15_bit_38.cnf,15,0.0015683174133300781,0.017503976821899414,0.03306126594543457,0.05214095115661621,35.0,15,49
450,15_bit_39.cnf,15,0.001733541488647461,0.023180723190307617,0.015136241912841797,0.04005932807922363,494.0,15,36
451,15_bit_4.cnf,15,0.001463174819946289,0.018187999725341797,0.00962519645690918,0.02928304672241211,160.0,15,36
452,15_bit_40.cnf,15,0.002787351608276367,0.024036169052124023,0.03531217575073242,0.06214714050292969,42.0,15,42
453,15_bit_41.cnf,15,0.0015392303466796875,0.017680644989013672,0.011745929718017578,0.030972957611083984,194.0,15,30
454,15_bit_42.cnf,15,0.002368927001953125,0.0247800350189209,0.0667421817779541,0.09389996528625488,33.0,15,58
455,15_bit_43.cnf,15,0.0013782978057861328,0.018057584762573242,0.013422489166259766,0.0328679084777832,681.0,15,34
456,15_bit_44.cnf,15,0.0015490055084228516,0.017812013626098633,0.028535127639770508,0.04790997505187988,82.0,15,42
457,15_bit_45.cnf,15,0.0014638900756835938,0.017027854919433594,0.015038251876831055,0.03353524208068848,38.0,15,47
458,15_bit_46.cnf,15,0.0023641586303710938,0.01807236671447754,0.03697967529296875,0.057422637939453125,28.0,15,64
459,15_bit_47.cnf,15,0.0011866092681884766,0.016407251358032227,0.011680364608764648,0.029279470443725586,671.0,15,31
460,15_bit_48.cnf,15,0.0023620128631591797,0.022446155548095703,0.03025984764099121,0.05507516860961914,171.0,15,44
461,15_bit_49.cnf,15,0.0016553401947021484,0.0196988582611084,0.04425621032714844,0.06561732292175293,12.0,15,58
462,15_bit_5.cnf,15,0.0017218589782714844,0.028347015380859375,0.034320831298828125,0.06439828872680664,111.0,15,41
463,15_bit_50.cnf,15,0.0018620491027832031,0.022456645965576172,0.011848211288452148,0.03618144989013672,356.0,15,30
464,15_bit_51.cnf,15,0.0013554096221923828,0.016652584075927734,0.010267257690429688,0.02828502655029297,296.0,15,34
465,15_bit_52.cnf,15,0.0022110939025878906,0.021065950393676758,0.04163217544555664,0.06491637229919434,5.0,15,61
466,15_bit_53.cnf,15,0.0021882057189941406,0.02262592315673828,0.04293179512023926,0.06775474548339844,96.0,15,48
467,15_bit_54.cnf,15,0.0018494129180908203,0.018177509307861328,0.04795718193054199,0.06799912452697754,9.0,15,62
468,15_bit_55.cnf,15,0.0016818046569824219,0.017164230346679688,0.04351377487182617,0.06236767768859863,66.0,15,58
469,15_bit_56.cnf,15,0.0014522075653076172,0.01638960838317871,0.016489744186401367,0.034337759017944336,201.0,15,41
470,15_bit_57.cnf,15,0.001302957534790039,0.017536401748657227,0.013402223587036133,0.03224802017211914,208.0,15,36
471,15_bit_58.cnf,15,0.0015692710876464844,0.019748210906982422,0.036656856536865234,0.05798482894897461,72.0,15,47
472,15_bit_59.cnf,15,0.0018475055694580078,0.020366907119750977,0.05152010917663574,0.07374787330627441,69.0,15,53
473,15_bit_6.cnf,15,0.003262042999267578,0.024175643920898438,0.042968034744262695,0.0704193115234375,27.0,15,50
474,15_bit_60.cnf,15,0.0016345977783203125,0.017879486083984375,0.014072656631469727,0.03359413146972656,331.0,15,37
475,15_bit_61.cnf,15,0.0018868446350097656,0.019071578979492188,0.01754927635192871,0.03851318359375,3.0,15,54
476,15_bit_62.cnf,15,0.0013968944549560547,0.0179290771484375,0.011619091033935547,0.03096318244934082,481.0,15,32
477,15_bit_63.cnf,15,0.0023429393768310547,0.021343708038330078,0.03526926040649414,0.058965444564819336,12.0,15,60
478,15_bit_64.cnf,15,0.0018873214721679688,0.019812345504760742,0.04243135452270508,0.06413793563842773,1.0,15,65
479,15_bit_65.cnf,15,0.0018918514251708984,0.017365455627441406,0.014555931091308594,0.03382229804992676,95.0,15,41
480,15_bit_66.cnf,15,0.0019774436950683594,0.02332448959350586,0.04163384437561035,0.06694197654724121,1.0,15,64
481,15_bit_67.cnf,15,0.0020678043365478516,0.01780247688293457,0.03255510330200195,0.05243825912475586,194.0,15,40
482,15_bit_7.cnf,15,0.00759577751159668,0.04319620132446289,0.06419014930725098,0.11499381065368652,12.0,15,65
483,15_bit_8.cnf,15,0.013385534286499023,0.058617353439331055,0.23856091499328613,0.3105769157409668,5.0,15,61
484,15_bit_9.cnf,15,0.01224064826965332,0.05157947540283203,0.08086776733398438,0.14470195770263672,44.0,15,49
485,16_bit_0.cnf,16,0.0022232532501220703,0.0243685245513916,0.19029450416564941,0.21689176559448242,18.0,16,60
486,16_bit_1.cnf,16,0.0014464855194091797,0.02054572105407715,0.01779484748840332,0.03979945182800293,465.0,16,34
487,16_bit_10.cnf,16,0.0012264251708984375,0.015458822250366211,0.009664773941040039,0.02636098861694336,534.0,16,32
488,16_bit_11.cnf,16,0.004045009613037109,0.03133678436279297,0.08382678031921387,0.1192176342010498,32.0,16,66
489,16_bit_12.cnf,16,0.001565694808959961,0.01611018180847168,0.013766050338745117,0.03145146369934082,17.0,16,52
490,16_bit_13.cnf,16,0.0013048648834228516,0.017127513885498047,0.010131597518920898,0.028571128845214844,281.0,16,36
491,16_bit_14.cnf,16,0.0015158653259277344,0.018378257751464844,0.04710268974304199,0.0670020580291748,6.0,16,69
492,16_bit_15.cnf,16,0.003155231475830078,0.023571491241455078,0.07220792770385742,0.09894108772277832,48.0,16,57
493,16_bit_16.cnf,16,0.002882719039916992,0.016175508499145508,0.011916637420654297,0.03098130226135254,87.0,16,47
494,16_bit_17.cnf,16,0.0019383430480957031,0.019992589950561523,0.0686495304107666,0.09058785438537598,25.0,16,62
495,16_bit_18.cnf,16,0.001374959945678711,0.015505552291870117,0.023746967315673828,0.040633201599121094,67.0,16,45
496,16_bit_19.cnf,16,0.0020351409912109375,0.01641702651977539,0.009488105773925781,0.027945995330810547,945.0,16,37
497,16_bit_2.cnf,16,0.001837015151977539,0.01939702033996582,0.0407567024230957,0.061997175216674805,24.0,16,65
498,16_bit_20.cnf,16,0.002076387405395508,0.01571941375732422,0.050124406814575195,0.06792902946472168,94.0,16,43
499,16_bit_21.cnf,16,0.0014786720275878906,0.019754648208618164,0.05282783508300781,0.07406783103942871,99.0,16,49
500,16_bit_22.cnf,16,0.006476402282714844,0.020136594772338867,0.09117507934570312,0.11779475212097168,5.0,16,59
501,16_bit_23.cnf,16,0.0019459724426269531,0.015306711196899414,0.009842395782470703,0.027101993560791016,1131.0,16,40
502,16_bit_24.cnf,16,0.001539468765258789,0.018873214721679688,0.010778188705444336,0.03119802474975586,267.0,16,33
503,16_bit_25.cnf,16,0.0011315345764160156,0.013747215270996094,0.0073049068450927734,0.022189617156982422,1054.0,16,32
504,16_bit_26.cnf,16,0.0011026859283447266,0.01605057716369629,0.009854316711425781,0.027013063430786133,731.0,16,39
505,16_bit_27.cnf,16,0.0015704631805419922,0.017132282257080078,0.03380775451660156,0.05251669883728027,113.0,16,44
506,16_bit_28.cnf,16,0.0009822845458984375,0.018619060516357422,0.02368330955505371,0.04329061508178711,426.0,16,40
507,16_bit_29.cnf,16,0.0015316009521484375,0.017307519912719727,0.030599594116210938,0.04944467544555664,1.0,16,71
508,16_bit_3.cnf,16,0.0009658336639404297,0.015348196029663086,0.008023977279663086,0.024347305297851562,584.0,16,36
509,16_bit_30.cnf,16,0.0014035701751708984,0.017271757125854492,0.034888505935668945,0.05356884002685547,33.0,16,59
510,16_bit_31.cnf,16,0.008332490921020508,0.021349430084228516,0.028367280960083008,0.058055877685546875,742.0,16,38
511,16_bit_32.cnf,16,0.0016696453094482422,0.01685786247253418,0.030401945114135742,0.048935651779174805,5.0,16,60
512,16_bit_33.cnf,16,0.00182342529296875,0.015655517578125,0.02695775032043457,0.04444408416748047,644.0,16,41
513,16_bit_34.cnf,16,0.001901388168334961,0.018886089324951172,0.04414653778076172,0.06493973731994629,4.0,16,69
514,16_bit_35.cnf,16,0.0018432140350341797,0.017936229705810547,0.021970510482788086,0.041757822036743164,617.0,16,32
515,16_bit_36.cnf,16,0.0015988349914550781,0.016222000122070312,0.011657476425170898,0.029484987258911133,355.0,16,36
516,16_bit_37.cnf,16,0.0010187625885009766,0.01651167869567871,0.011175394058227539,0.028712749481201172,571.0,16,35
517,16_bit_38.cnf,16,0.002016782760620117,0.01789402961730957,0.04616498947143555,0.06608271598815918,32.0,16,50
518,16_bit_39.cnf,16,0.0016412734985351562,0.018611431121826172,0.04159259796142578,0.06185173988342285,10.0,16,60
519,16_bit_4.cnf,16,0.002014636993408203,0.01869058609008789,0.08485531806945801,0.10556817054748535,27.0,16,58
520,16_bit_40.cnf,16,0.0025768280029296875,0.019134998321533203,0.01434636116027832,0.03606677055358887,595.0,16,38
521,16_bit_41.cnf,16,0.013408899307250977,0.030664682388305664,0.24289608001708984,0.28698229789733887,10.0,16,66
522,16_bit_42.cnf,16,0.01279139518737793,0.03390073776245117,0.07817935943603516,0.1248786449432373,399.0,16,37
523,16_bit_43.cnf,16,0.013618946075439453,0.05249500274658203,0.3008606433868408,0.36698389053344727,10.0,16,57
524,16_bit_44.cnf,16,0.001882314682006836,0.027331829071044922,0.060808658599853516,0.09003257751464844,4.0,16,62
525,16_bit_45.cnf,16,0.0019042491912841797,0.04489898681640625,0.13823938369750977,0.18505454063415527,9.0,16,52
526,16_bit_46.cnf,16,0.0013315677642822266,0.02269601821899414,0.011555194854736328,0.03558945655822754,626.0,16,34
527,16_bit_47.cnf,16,0.004930019378662109,0.022078990936279297,0.061449289321899414,0.08846521377563477,3.0,16,67
528,16_bit_48.cnf,16,0.0014514923095703125,0.018098831176757812,0.04064440727233887,0.06020069122314453,36.0,16,57
529,16_bit_49.cnf,16,0.0013129711151123047,0.019652605056762695,0.02800750732421875,0.04897904396057129,100.0,16,48
530,16_bit_5.cnf,16,0.0012960433959960938,0.01786661148071289,0.032268524169921875,0.05144190788269043,100.0,16,43
531,16_bit_50.cnf,16,0.002717256546020508,0.020206451416015625,0.049805402755737305,0.07273602485656738,33.0,16,65
532,16_bit_51.cnf,16,0.0013244152069091797,0.016459941864013672,0.009796857833862305,0.02759242057800293,952.0,16,35
533,16_bit_52.cnf,16,0.0016613006591796875,0.025363683700561523,0.03871870040893555,0.06575393676757812,7.0,16,68
534,16_bit_53.cnf,16,0.0014455318450927734,0.019210100173950195,0.023757457733154297,0.04441976547241211,260.0,16,44
535,16_bit_54.cnf,16,0.0018320083618164062,0.022136211395263672,0.04575800895690918,0.0697321891784668,22.0,16,58
536,16_bit_55.cnf,16,0.0022728443145751953,0.02416253089904785,0.008809328079223633,0.03525233268737793,446.0,16,31
537,16_bit_56.cnf,16,0.002014636993408203,0.021834373474121094,0.08867669105529785,0.11253166198730469,5.0,16,50
538,16_bit_57.cnf,16,0.0020852088928222656,0.01797628402709961,0.04164767265319824,0.06171464920043945,6.0,16,65
539,16_bit_58.cnf,16,0.0014913082122802734,0.017817974090576172,0.03421735763549805,0.053533315658569336,4.0,16,52
540,16_bit_59.cnf,16,0.0016455650329589844,0.021933317184448242,0.0394139289855957,0.0630033016204834,59.0,16,49
541,16_bit_6.cnf,16,0.0013806819915771484,0.021732807159423828,0.02409052848815918,0.0472104549407959,66.0,16,52
542,16_bit_60.cnf,16,0.0010988712310791016,0.014038324356079102,0.007906913757324219,0.023049354553222656,1126.0,16,34
543,16_bit_61.cnf,16,0.0017619132995605469,0.023329496383666992,0.04767894744873047,0.07277727127075195,48.0,16,65
544,16_bit_62.cnf,16,0.0018777847290039062,0.021314382553100586,0.018051624298095703,0.04124903678894043,28.0,16,64
545,16_bit_63.cnf,16,0.0017828941345214844,0.017394065856933594,0.03231310844421387,0.0514986515045166,33.0,16,50
546,16_bit_7.cnf,16,0.0016698837280273438,0.01806783676147461,0.0257875919342041,0.04553055763244629,32.0,16,50
547,16_bit_8.cnf,16,0.0014090538024902344,0.017077922821044922,0.013973474502563477,0.03246665000915527,103.0,16,39
548,16_bit_9.cnf,16,0.0018954277038574219,0.01936483383178711,0.030882835388183594,0.052149057388305664,30.0,16,58
549,17_bit_0.cnf,17,0.0034198760986328125,0.02178215980529785,0.07699108123779297,0.10220456123352051,1.0,17,70
550,17_bit_1.cnf,17,0.0018057823181152344,0.03449678421020508,0.099609375,0.1359248161315918,21.0,17,63
551,17_bit_10.cnf,17,0.0011870861053466797,0.02534770965576172,0.014206647872924805,0.04075479507446289,1597.0,17,35
552,17_bit_11.cnf,17,0.0014815330505371094,0.018163681030273438,0.036594390869140625,0.056249380111694336,74.0,17,54
553,17_bit_12.cnf,17,0.0039827823638916016,0.0213778018951416,0.011977672576904297,0.037344932556152344,952.0,17,34
554,17_bit_13.cnf,17,0.004858493804931641,0.02035236358642578,0.007588863372802734,0.03280520439147949,918.0,17,37
555,17_bit_14.cnf,17,0.0015926361083984375,0.01667046546936035,0.009562969207763672,0.027833938598632812,676.0,17,37
556,17_bit_15.cnf,17,0.001990079879760742,0.02479410171508789,0.03061532974243164,0.05740618705749512,104.0,17,54
557,17_bit_16.cnf,17,0.0027675628662109375,0.025020360946655273,0.04799151420593262,0.07578706741333008,41.0,17,60
558,17_bit_17.cnf,17,0.002172708511352539,0.030234575271606445,0.3242471218109131,0.35666632652282715,42.0,17,62
559,17_bit_18.cnf,17,0.001718759536743164,0.018341064453125,0.031319379806518555,0.05138540267944336,28.0,17,51
560,17_bit_19.cnf,17,0.0021355152130126953,0.022103309631347656,0.04903388023376465,0.07328033447265625,12.0,17,61
561,17_bit_2.cnf,17,0.0011398792266845703,0.01789116859436035,0.026259183883666992,0.04530024528503418,224.0,17,45
562,17_bit_20.cnf,17,0.001071929931640625,0.020451784133911133,0.0068302154541015625,0.028360843658447266,568.0,17,35
563,17_bit_21.cnf,17,0.0014472007751464844,0.02486395835876465,0.03636002540588379,0.06267642974853516,544.0,17,46
564,17_bit_22.cnf,17,0.0016798973083496094,0.03397226333618164,0.02608776092529297,0.06174778938293457,994.0,17,37
565,17_bit_23.cnf,17,0.0016028881072998047,0.024894237518310547,0.0445094108581543,0.0710153579711914,166.0,17,60
566,17_bit_24.cnf,17,0.005488157272338867,0.033544063568115234,0.042702436447143555,0.0817406177520752,396.0,17,50
567,17_bit_25.cnf,17,0.001728057861328125,0.0205075740814209,0.012139558792114258,0.03438282012939453,1075.0,17,34
568,17_bit_26.cnf,17,0.0033364295959472656,0.03411459922790527,0.032968759536743164,0.07042598724365234,20.0,17,65
569,17_bit_27.cnf,17,0.00200653076171875,0.03114914894104004,0.009742498397827148,0.04290294647216797,414.0,17,37
570,17_bit_28.cnf,17,0.0011432170867919922,0.018425941467285156,0.02842998504638672,0.04800891876220703,543.0,17,41
571,17_bit_29.cnf,17,0.0014379024505615234,0.01765298843383789,0.07302451133728027,0.09212064743041992,63.0,17,61
572,17_bit_3.cnf,17,0.0012297630310058594,0.0244596004486084,0.04918026924133301,0.07487893104553223,85.0,17,48
573,17_bit_30.cnf,17,0.0012366771697998047,0.020263195037841797,0.04369401931762695,0.0652000904083252,463.0,17,47
574,17_bit_31.cnf,17,0.001638174057006836,0.042882442474365234,0.016512632369995117,0.06103873252868652,1488.0,17,42
575,17_bit_32.cnf,17,0.002146005630493164,0.02716851234436035,0.05076432228088379,0.08008503913879395,39.0,17,70
576,17_bit_33.cnf,17,0.002192974090576172,0.01720404624938965,0.036705732345581055,0.05611228942871094,383.0,17,50
577,17_bit_34.cnf,17,0.0015635490417480469,0.021344661712646484,0.02685379981994629,0.04976797103881836,37.0,17,46
578,17_bit_35.cnf,17,0.0037741661071777344,0.0266873836517334,0.011249303817749023,0.04171609878540039,320.0,17,41
579,17_bit_36.cnf,17,0.0013554096221923828,0.029141664505004883,0.03968095779418945,0.07018351554870605,19.0,17,50
580,17_bit_37.cnf,17,0.0024263858795166016,0.018524646759033203,0.03722405433654785,0.05818057060241699,11.0,17,61
581,17_bit_4.cnf,17,0.0020151138305664062,0.018128395080566406,0.03949737548828125,0.05965137481689453,368.0,17,47
582,17_bit_5.cnf,17,0.0020661354064941406,0.02479076385498047,0.016212940216064453,0.04308152198791504,1111.0,17,40
583,17_bit_6.cnf,17,0.0019259452819824219,0.018584489822387695,0.020723819732666016,0.04124116897583008,727.0,17,39
584,17_bit_7.cnf,17,0.0019118785858154297,0.019403696060180664,0.011440515518188477,0.032762765884399414,1333.0,17,34
585,17_bit_8.cnf,17,0.0021872520446777344,0.016202688217163086,0.028793811798095703,0.04719400405883789,34.0,17,58
586,17_bit_9.cnf,17,0.0017113685607910156,0.02038431167602539,0.0549619197845459,0.07706809043884277,33.0,17,55
587,18_bit_0.cnf,18,0.0027213096618652344,0.019624948501586914,0.06643009185791016,0.08878183364868164,47.0,18,63
588,18_bit_1.cnf,18,0.002330780029296875,0.02309894561767578,0.041193485260009766,0.06662893295288086,14.0,18,63
589,18_bit_10.cnf,18,0.0018191337585449219,0.021987438201904297,0.0827796459197998,0.10659265518188477,85.0,18,63
590,18_bit_11.cnf,18,0.005933284759521484,0.015353918075561523,0.009986639022827148,0.03127861022949219,1272.0,18,39
591,18_bit_12.cnf,18,0.001613616943359375,0.026311635971069336,0.026417970657348633,0.054349660873413086,132.0,18,54
592,18_bit_13.cnf,18,0.002354860305786133,0.017690420150756836,0.011749744415283203,0.03180098533630371,769.0,18,43
593,18_bit_14.cnf,18,0.0016925334930419922,0.016027212142944336,0.03357267379760742,0.051299095153808594,198.0,18,54
594,18_bit_15.cnf,18,0.0011370182037353516,0.014882087707519531,0.028759479522705078,0.044785261154174805,1010.0,18,38
595,18_bit_16.cnf,18,0.0018720626831054688,0.019257307052612305,0.026871681213378906,0.04800724983215332,223.0,18,49
596,18_bit_17.cnf,18,0.0018019676208496094,0.01486515998840332,0.008175849914550781,0.024847745895385742,1187.0,18,36
597,18_bit_18.cnf,18,0.0016205310821533203,0.017290353775024414,0.04944968223571777,0.06836891174316406,72.0,18,66
598,18_bit_19.cnf,18,0.0026569366455078125,0.019242286682128906,0.016504287719726562,0.03840923309326172,177.0,18,51
599,18_bit_2.cnf,18,0.0016884803771972656,0.016484737396240234,0.03372597694396973,0.05190873146057129,500.0,18,47
600,18_bit_20.cnf,18,0.0018463134765625,0.019182920455932617,0.04746723175048828,0.06850266456604004,57.0,18,69
601,18_bit_21.cnf,18,0.002639293670654297,0.01801276206970215,0.04783272743225098,0.06850004196166992,18.0,18,62
602,18_bit_22.cnf,18,0.0019881725311279297,0.022228002548217773,0.04262280464172363,0.0668489933013916,3.0,18,71
603,18_bit_23.cnf,18,0.0014190673828125,0.018257856369018555,0.03871655464172363,0.05840253829956055,196.0,18,49
604,18_bit_24.cnf,18,0.0012669563293457031,0.017177343368530273,0.01378488540649414,0.03223848342895508,264.0,18,45
605,18_bit_25.cnf,18,0.0014653205871582031,0.021553993225097656,0.049654483795166016,0.07268047332763672,194.0,18,53
606,18_bit_26.cnf,18,0.0015501976013183594,0.018648386001586914,0.03987407684326172,0.06007957458496094,142.0,18,54
607,18_bit_27.cnf,18,0.001739501953125,0.017052888870239258,0.0388646125793457,0.0576634407043457,112.0,18,57
608,18_bit_28.cnf,18,0.0024192333221435547,0.028298377990722656,0.059313058853149414,0.09003686904907227,31.0,18,67
609,18_bit_29.cnf,18,0.00109100341796875,0.013915300369262695,0.023483991622924805,0.03849601745605469,378.0,18,42
610,18_bit_3.cnf,18,0.0017693042755126953,0.017783403396606445,0.010307550430297852,0.029870271682739258,1442.0,18,39
611,18_bit_30.cnf,18,0.002487659454345703,0.01855158805847168,0.0373082160949707,0.058357954025268555,44.0,18,67
612,18_bit_31.cnf,18,0.0012998580932617188,0.017401695251464844,0.02310919761657715,0.04181647300720215,1347.0,18,47
613,18_bit_32.cnf,18,0.0013093948364257812,0.01328277587890625,0.010818243026733398,0.025416851043701172,939.0,18,43
614,18_bit_33.cnf,18,0.0012416839599609375,0.014309167861938477,0.020910978317260742,0.03646707534790039,1742.0,18,37
615,18_bit_34.cnf,18,0.001234292984008789,0.015893220901489258,0.012693405151367188,0.02982616424560547,2262.0,18,43
616,18_bit_35.cnf,18,0.0018050670623779297,0.018934011459350586,0.1108858585357666,0.13163137435913086,5.0,18,79
617,18_bit_36.cnf,18,0.001497030258178711,0.017681121826171875,0.012788057327270508,0.03197216987609863,2182.0,18,42
618,18_bit_37.cnf,18,0.0019502639770507812,0.02082371711730957,0.05327916145324707,0.07605886459350586,8.0,18,79
619,18_bit_38.cnf,18,0.0014996528625488281,0.017967700958251953,0.029736042022705078,0.049211740493774414,123.0,18,65
620,18_bit_39.cnf,18,0.0016412734985351562,0.018948793411254883,0.04376530647277832,0.0643610954284668,12.0,18,72
621,18_bit_4.cnf,18,0.0027687549591064453,0.05038905143737793,0.14114880561828613,0.19431710243225098,47.0,18,73
622,18_bit_40.cnf,18,0.0015032291412353516,0.018712520599365234,0.027597904205322266,0.04781985282897949,129.0,18,59
623,18_bit_41.cnf,18,0.00171661376953125,0.018210172653198242,0.026440858840942383,0.046372413635253906,134.0,18,53
624,18_bit_42.cnf,18,0.0020914077758789062,0.017639875411987305,0.011371850967407227,0.031109333038330078,527.0,18,44
625,18_bit_43.cnf,18,0.0016908645629882812,0.017291784286499023,0.046640872955322266,0.06562924385070801,26.0,18,67
626,18_bit_44.cnf,18,0.0019042491912841797,0.01729750633239746,0.08829808235168457,0.10750651359558105,20.0,18,75
627,18_bit_45.cnf,18,0.0016772747039794922,0.03175997734069824,0.04585385322570801,0.07929778099060059,32.0,18,68
628,18_bit_46.cnf,18,0.001531839370727539,0.016027212142944336,0.028490304946899414,0.04605603218078613,458.0,18,42
629,18_bit_47.cnf,18,0.0014293193817138672,0.016492366790771484,0.026160717010498047,0.044089317321777344,130.0,18,51
630,18_bit_5.cnf,18,0.0012829303741455078,0.013152360916137695,0.008332967758178711,0.02277350425720215,517.0,18,36
631,18_bit_6.cnf,18,0.00173187255859375,0.02047252655029297,0.02969217300415039,0.051906585693359375,542.0,18,40
632,18_bit_7.cnf,18,0.0016465187072753906,0.017513751983642578,0.03681778907775879,0.0559844970703125,13.0,18,69
633,18_bit_8.cnf,18,0.0025899410247802734,0.01904606819152832,0.057584524154663086,0.07922697067260742,741.0,18,47
634,18_bit_9.cnf,18,0.001585245132446289,0.01757979393005371,0.03269243240356445,0.05186581611633301,119.0,18,50
